Car_ID,Name,Email
48,Hernando,honoland13@japanpost.jp
124,Noel,nlighterness2q@umn.edu
222,Edan,eguest47@microsoft.com
207,Hieronymus,hchilley40@fema.gov
167,Nickolas,nnowick3d@tuttocitta.it
159,Martin,mdearl39@amazon.co.uk
20,Aldridge,alynamg@blogtalkradio.com
178,Ambros,abowton3k@spiegel.de
30,Quincy,qesterbrookn@bandcamp.com
1,Palmer,ppillman2w@surveymonkey.com
51,Temple,tdillestone15@mysql.com
183,Zachery,zoller3p@paypal.com
177,Rupert,rthorne3j@buzzfeed.com
5,Sayers,ssheather2@fc2.com
218,Horst,hsolomon44@opensource.org
39,Muffin,mjehanw@so-net.ne.jp
68,Scot,shallagan1h@yandex.ru
10,Harcourt,hkeele7@spiegel.de
67,Wilbur,wgloucester1g@phpbb.com
43,Georgi,ghickinbottomz@usda.gov
170,Osborn,obenstead3e@psu.edu
216,Asher,aamor43@miibeian.gov.cn
99,Clyde,cvaux25@facebook.com
89,Nealon,ntruggian1x@bandcamp.com
95,Norry,nbatstone22@yellowbook.com
228,Baillie,bbach4a@hugedomains.com
7,Alix,aleadstone4@smugmug.com
14,Hugibert,hscandricka@timesonline.co.uk
8,Sigfried,sdeesly5@storify.com
145,Reade,radriano33@imageshack.us
102,Correy,cbulward28@google.co.jp
36,Ozzy,ogaraghans@huffingtonpost.com
189,Derry,dmawman3v@pagesperso-orange.fr
111,Marlon,mbandiera2e@salon.com
140,Roger,rweathers2z@linkedin.com
161,Sheffy,spoon3a@gizmodo.com
37,Feodor,ftinmant@sina.com.cn
243,Sollie,sdennidge4i@gnu.org
184,Ernie,erugiero3q@webs.com
66,Teador,tbounde1f@trellian.com
101,Theodore,tmogenot27@liveinternet.ru
21,Alvis,ariccellih@addthis.com
200,Rand,rquerree3z@seesaa.net
2,Jordon,jmewis1@vistaprint.com
23,Tremayne,tsewallj@joomla.org
59,Rolf,rbechley1a@spiegel.de
42,Rowney,rgillmory@epa.gov
83,Palmer,pjacke1s@theguardian.com
16,Killy,kportec@statcounter.com
181,Arri,ahapps3n@delicious.com
0,Jordan,jgrene0@tinypic.com
88,Karney,knann1w@newyorker.com
25,Yvor,yheinerl@altervista.org
176,Germaine,gleggs3i@jiathis.com
134,Cooper,cjeandel2v@thetimes.co.uk
127,Donal,dmalyan2s@bloglines.com
104,Tanner,tfero2a@wired.com
120,Elwyn,ebyram2m@digg.com
85,Sholom,ssiemens1u@narod.ru
Showcar,Tally,trobjents4l@g.co
108,Abdul,amelato2c@google.cn
98,Englebert,eguild24@istockphoto.com
130,Denys,dwatmough2u@oaic.gov.au
12,Klemens,kbocken9@bing.com
232,Marmaduke,mblazewicz4c@w3.org
Vip,Salomon,salliker4m@nsw.gov.au
96,Wynn,wdigweed23@about.me
15,Blane,bspinnaceb@homestead.com
65,Trumaine,telfe1e@tripod.com
92,Myles,mjancy1z@privacy.gov.au
179,Ashlin,aspink3l@yolasite.com
63,Cris,craleston1c@blogtalkradio.com
35,Gerhardt,ggentricr@prweb.com
79,Rustin,rleheude1q@ted.com
4341,Ronald,rfrier4k@jalbum.net
156,Jamison,jbrockton37@moonfruit.com
220,Vladimir,vbloom46@businessinsider.com
44,Elisha,eclaffey10@meetup.com
19,Jae,jloveredgef@berkeley.edu
123,Patrizius,pvidgen2p@ca.gov
57,Arman,amabey19@tumblr.com
230,Cullen,croscrigg4b@clickbank.net
33,Gideon,gsemmensp@google.co.uk
75,Redford,rmoyser1n@github.io
175,Taber,tmilhench3h@admin.ch
115,Udale,uwilkie2j@soup.io
153,Nick,ntytcomb35@cmu.edu
76,Roi,rbuckthorp1o@wiley.com
56,Haily,hcollings18@sina.com.cn
50,Homerus,hkamienski2i@howstuffworks.com
163,Shepherd,sdundin3c@engadget.com
53,Pembroke,ptreuge17@over-blog.com
241,Hastings,haronov4g@cyberchimps.com
114,Roderick,rfarrell2h@boston.com
41,Barbabas,bmcconnalx@phoca.cz
116,Obidiah,owarrender2k@yahoo.com
137,Tristam,tchapellow2x@addtoany.com
212,Dav,dbummfrey42@miibeian.gov.cn
52,Ber,bdawltrey16@i2i.jp
93,Cesaro,ckovnot20@tamu.edu
226,Koenraad,kkliner49@xrea.com
22,Lowe,lgarstangi@angelfire.com
70,Paul,pdeetlefs1j@youtu.be
128,Martin,mbariball2t@slate.com
40,Aksel,aeaster3u@reuters.com
238,Renaud,rklimkin4f@t-online.de
31,Jereme,jaaronsono@ezinearticles.com
71,Osborn,obennis1k@opensource.org
18,Greg,gbellwoode@chicagotribune.com
38,Mill,mvandermarkv@icq.com
46,Early,egoley12@twitter.com
49,Ted,tdrabble14@tripod.com
28,Iggie,imccream@51.la
219,Spenser,sgaddesby45@xing.com
185,Taddeusz,tsandeman3r@wp.com
162,Baudoin,bpeaple3b@irs.gov
180,Jeromy,jlewington3m@psu.edu
103,Beaufort,benric29@cornell.edu
197,Enrico,ewinship3y@tripod.com
74,Bartholomeo,bholwell1m@hhs.gov
150,Bar,brappaport34@purevolume.com
78,Nollie,nlidbetter1p@artisteer.com
141,Diego,dgude30@psu.edu
17,Gustavo,gdongated@ca.gov
187,Griffith,gelham3t@illinois.edu
69,Amory,abroske1i@macromedia.com
100,Elwin,eambrosoli26@noaa.gov
112,Web,wdymocke2f@artisteer.com
172,Aurthur,abeeres3f@apache.org
91,Coop,cbragginton1y@house.gov
158,Wally,wgascard38@issuu.com
182,Darcy,djakoubec3o@aboutads.info
225,Abbey,afeldharker48@whitehouse.gov
81,Ware,wdreher1r@bloomberg.com
6,Hamil,hferrer3@prlog.org
121,Hunt,hthacke2n@yellowbook.com
211,Ellswerth,ewinston41@ft.com
186,Uriah,udunseath3s@jiathis.com
4,Evan,ewrinch1b@cloudflare.com
72,Ken,kromaine1l@bandcamp.com
45,Kylie,kduggon11@reddit.com
1051,Eli,ecoultous4j@mayoclinic.com
84,Orton,okerwood1t@ebay.co.uk
118,Ginger,gcrichmere2l@vistaprint.com
174,Teodor,tpinnijar3g@walmart.com
138,Andras,amitton2y@stanford.edu
242,Tris,ttoulmin4h@usda.gov
3,Barbabas,bpengelly36@ca.gov
193,Napoleon,nmarkey3x@taobao.com
94,Estevan,easling21@sina.com.cn
11,Korey,kpeet8@fastcompany.com
86,Hebert,hdrennan1v@hatena.ne.jp
9,Pierson,ppaffot6@mysql.com
142,Giorgio,gficken31@jugem.jp
126,Stern,sdaglish2r@timesonline.co.uk
144,Davidde,dmattimoe32@techcrunch.com
110,Ugo,ugozzard2d@spiegel.de
34,Sutherland,skenewellq@chronoengine.com
190,Parker,pjanse3w@mozilla.org
235,Huntley,hlanchbury4d@friendfeed.com
24,Sauveur,swyerk@creativecommons.org
64,Carver,cspeechley1d@naver.com
122,Terrence,tgoutcher2o@liveinternet.ru
106,Ignazio,imeeron2b@buzzfeed.com
113,Marcel,meilert2g@people.com.cn
13,Robbert,rguitonneauu@goo.gl
237,Padraic,proles4e@lycos.com
